key,size,target,scene,update,backend,mode,trace_samples,gpu_samples,action_backend_median_ms,action_traversal_median_ms,action_plan_median_ms,gpu_frame_median_ms,gpu_opaque_median_ms,gpu_transparent_median_ms,gpu_composite_median_ms,gpu_blit_readback_median_ms,gpu_render_median_ms,gpu_copy_median_ms,read_wait_median_ms,bgfx_gpu_wait_median_ms,rust_cpu_total_median_ms,rust_cpu_encode_median_ms,rust_cpu_wait_median_ms,gpu_draw_submits_peak,logical_pipeline_changes_peak,logical_material_changes_peak,logical_texture_changes_peak,logical_lighting_changes_peak,gpu_memory_used_peak_bytes,texture_memory_used_peak_bytes,render_target_memory_used_peak_bytes,geometry_active_peak_bytes,geometry_retired_peak_bytes,texture_payload_peak_bytes,rtt_color_nominal_peak_bytes,attachment_nominal_peak_bytes,staging_gpu_peak_bytes,staging_cpu_peak_bytes,staging_color_peak_bytes,staging_depth_peak_bytes,staging_pool_free_peak_bytes,vertex_buffers_peak,index_buffers_peak,textures_peak,framebuffers_peak
window-512-opaque-interleaved-static-bgfx-opengl-object,512,window,opaque-interleaved,static,bgfx-opengl,object,40,40,0.355306,0.000501,3.6e-05,0.20102,,,,,,,0.0,0.2,,,,37,1,36,1,1,,49156,0,,,,,,0,0,,,,5,4,2,1
window-512-opaque-interleaved-static-bgfx-vulkan-object,512,window,opaque-interleaved,static,bgfx-vulkan,object,40,40,0.304922,0.0003,3e-05,0.06252,0.0559,,,,,,0.0,0.04,,,,37,1,36,1,1,145805312,49156,0,,,,,,0,0,,,,4,4,2,1
window-512-opaque-interleaved-static-wgpu-vulkan-object,512,window,opaque-interleaved,static,wgpu-vulkan,object,40,0,0.495297,0.000692,6e-05,,,,,,,,,,0.4463,0.32253,,,,,,,,,,0,0,0,0,1048576,,,0,0,0,0,0,0,
window-512-opaque-interleaved-dynamic-bgfx-opengl-object,512,window,opaque-interleaved,dynamic,bgfx-opengl,object,40,40,0.640407,0.591275,0.036678,0.13186,,,,,,,0.0,0.2155,,,,37,1,36,1,1,,49156,0,,,,,,0,0,,,,5,4,2,1
window-512-opaque-interleaved-dynamic-bgfx-vulkan-object,512,window,opaque-interleaved,dynamic,bgfx-vulkan,object,40,40,0.683151,0.594972,0.037144,0.07088,0.0592,,,,,,0.0,0.1455,,,,37,1,36,1,1,145805312,49156,0,,,,,,0,0,,,,4,4,2,1
window-512-opaque-interleaved-dynamic-wgpu-vulkan-object,512,window,opaque-interleaved,dynamic,wgpu-vulkan,object,40,0,0.545485,0.608747,0.036679,,,,,,,,,,0.425262,0.320286,,,,,,,,,,0,0,0,0,1048576,,,0,0,0,0,0,0,
window-512-transparent-overlap-static-bgfx-opengl-object,512,window,transparent-overlap,static,bgfx-opengl,object,40,40,0.534749,0.000752,7e-05,0.35918,,,,,,,0.0,0.2225,,,,50,2,49,1,1,,49156,0,,,,,,0,0,,,,5,4,2,1
window-512-transparent-overlap-static-bgfx-opengl-weighted_oit,512,window,transparent-overlap,static,bgfx-opengl,weighted_oit,40,40,0.746865,0.000687,6e-05,0.58146,,0.28466,,,,,0.0,0.3465,,,,54,2,49,1,1,,49156,3670016,,,,,,0,0,,,,6,5,5,2
window-512-transparent-overlap-static-bgfx-opengl-sorted_layers,512,window,transparent-overlap,static,bgfx-opengl,sorted_layers,40,40,1.68794,0.000967,0.0001,1.418,,0.87346,,,,,0.0,0.547,,,,207,2,49,1,1,,49156,12582912,,,,,,0,0,,,,6,5,10,5
window-512-transparent-overlap-static-bgfx-vulkan-object,512,window,transparent-overlap,static,bgfx-vulkan,object,40,40,0.465261,0.000455,4e-05,0.22168,0.07062,0.14074,,,,,0.0,0.201,,,,50,2,49,1,1,145805312,49156,0,,,,,,0,0,,,,4,4,2,1
window-512-transparent-overlap-static-bgfx-vulkan-weighted_oit,512,window,transparent-overlap,static,bgfx-vulkan,weighted_oit,40,40,1.076635,0.000772,5e-05,0.75084,0.07264,0.6119,0.05312,,,,0.0,0.7305,,,,54,2,49,1,1,149749760,49156,3670016,,,,,,0,0,,,,5,5,5,2
window-512-transparent-overlap-static-bgfx-vulkan-sorted_layers,512,window,transparent-overlap,static,bgfx-vulkan,sorted_layers,40,40,2.81265,0.000956,0.00011,2.09084,0.07076,1.75542,0.23246,,,,0.0,2.1105,,,,207,2,49,1,1,159461376,49156,12582912,,,,,,0,0,,,,5,5,10,5
window-512-transparent-overlap-static-wgpu-vulkan-object,512,window,transparent-overlap,static,wgpu-vulkan,object,40,0,0.586491,0.000757,8e-05,,,,,,,,,,0.537496,0.402204,,,,,,,,,,20776,0,0,0,1048576,,,0,0,0,49,49,0,
window-512-transparent-overlap-static-wgpu-vulkan-sorted_layers,512,window,transparent-overlap,static,wgpu-vulkan,sorted_layers,40,0,3.212955,0.000972,7.6e-05,,,,,,,,,,3.154901,2.801217,,,,,,,,,,20776,0,0,0,1048576,,,0,0,0,49,49,0,
window-512-transparent-overlap-dynamic-bgfx-opengl-object,512,window,transparent-overlap,dynamic,bgfx-opengl,object,40,40,0.649779,0.179804,0.020613,0.32106,,,,,,,0.0,0.2455,,,,50,2,49,1,1,,49156,0,,,,,,0,0,,,,5,4,2,1
window-512-transparent-overlap-dynamic-bgfx-opengl-weighted_oit,512,window,transparent-overlap,dynamic,bgfx-opengl,weighted_oit,40,40,0.834527,0.181032,0.020663,0.52308,,0.34052,,,,,0.0,0.333,,,,54,2,49,1,1,,49156,3670016,,,,,,0,0,,,,6,5,5,2
window-512-transparent-overlap-dynamic-bgfx-opengl-sorted_layers,512,window,transparent-overlap,dynamic,bgfx-opengl,sorted_layers,40,40,1.92337,0.200483,0.023584,1.43446,,0.92296,,,,,0.0,0.5765,,,,207,2,49,1,1,,49156,12582912,,,,,,0,0,,,,6,5,10,5
window-512-transparent-overlap-dynamic-bgfx-vulkan-object,512,window,transparent-overlap,dynamic,bgfx-vulkan,object,40,40,0.671014,0.172762,0.017573,0.2348,0.07074,0.14784,,,,,0.0,0.29,,,,50,2,49,1,1,145805312,49156,0,,,,,,0,0,,,,4,4,2,1
window-512-transparent-overlap-dynamic-bgfx-vulkan-weighted_oit,512,window,transparent-overlap,dynamic,bgfx-vulkan,weighted_oit,40,40,1.31428,0.203619,0.022812,0.7553,0.0708,0.61118,0.05354,,,,0.0,0.821,,,,54,2,49,1,1,149749760,49156,3670016,,,,,,0,0,,,,5,5,5,2
window-512-transparent-overlap-dynamic-bgfx-vulkan-sorted_layers,512,window,transparent-overlap,dynamic,bgfx-vulkan,sorted_layers,40,40,2.974345,0.286157,0.027436,2.00968,0.06912,1.6743,0.22474,,,,0.0,2.0685,,,,207,2,49,1,1,159461376,49156,12582912,,,,,,0,0,,,,5,5,10,5
window-512-transparent-overlap-dynamic-wgpu-vulkan-object,512,window,transparent-overlap,dynamic,wgpu-vulkan,object,40,0,0.59702,0.174074,0.017267,,,,,,,,,,0.512849,0.407358,,,,,,,,,,20776,0,0,0,1048576,,,0,0,0,49,49,0,
window-512-transparent-overlap-dynamic-wgpu-vulkan-sorted_layers,512,window,transparent-overlap,dynamic,wgpu-vulkan,sorted_layers,40,0,2.780055,0.200157,0.055228,,,,,,,,,,2.676646,2.398844,,,,,,,,,,20776,0,0,0,1048576,,,0,0,0,49,49,0,
offscreen-512-opaque-interleaved-static-bgfx-opengl-object,512,offscreen,opaque-interleaved,static,bgfx-opengl,object,40,40,0.675948,0.000646,3e-05,0.11702,0.11256,,,,,,0.484546,0.435,,,,37,1,36,1,1,,2146308,3145728,,,,,,1048576,1048576,,,,6,5,7,2
offscreen-512-opaque-interleaved-static-bgfx-vulkan-object,512,offscreen,opaque-interleaved,static,bgfx-vulkan,object,40,40,0.664135,0.000601,5e-05,0.12348,0.11804,,,,,,0.505426,0.172,,,,37,1,36,1,1,146665472,2146308,3145728,,,,,,1048576,1048576,,,,5,5,7,2
offscreen-512-opaque-interleaved-static-wgpu-vulkan-object,512,offscreen,opaque-interleaved,static,wgpu-vulkan,object,40,40,1.03989,0.001037,8e-05,,,,,,0.10944,0.05482,,,0.87604,0.321068,0.367974,,,,,,,,,0,0,0,0,2097152,,,1048576,0,1048576,0,0,0,
offscreen-512-opaque-interleaved-dynamic-bgfx-opengl-object,512,offscreen,opaque-interleaved,dynamic,bgfx-opengl,object,40,40,0.730158,0.000611,0.004709,0.12482,0.12432,,,,,,0.543446,0.5095,,,,37,1,36,1,1,,2146308,3145728,,,,,,1048576,1048576,,,,6,5,7,2
offscreen-512-opaque-interleaved-dynamic-bgfx-vulkan-object,512,offscreen,opaque-interleaved,dynamic,bgfx-vulkan,object,40,40,0.785116,0.000561,0.004679,0.136,0.1302,,,,,,0.583536,0.222,,,,37,1,36,1,1,146665472,2146308,3145728,,,,,,1048576,1048576,,,,5,5,7,2
offscreen-512-opaque-interleaved-dynamic-wgpu-vulkan-object,512,offscreen,opaque-interleaved,dynamic,wgpu-vulkan,object,40,40,0.9885,0.000741,0.007509,,,,,,0.10498,0.05396,,,0.823597,0.298566,0.353994,,,,,,,,,0,0,0,0,2097152,,,1048576,0,1048576,0,0,0,
offscreen-512-transparent-overlap-static-bgfx-opengl-object,512,offscreen,transparent-overlap,static,bgfx-opengl,object,40,40,0.783954,0.000541,3e-05,0.12938,0.0345,0.09418,,,,,0.589001,0.5515,,,,50,2,48,1,1,,2146308,3145728,,,,,,1048576,1048576,,,,6,5,7,2
offscreen-512-transparent-overlap-static-bgfx-opengl-weighted_oit,512,offscreen,transparent-overlap,static,bgfx-opengl,weighted_oit,40,40,1.09193,0.001092,0.000105,0.30138,0.03356,0.16922,0.09602,,,,0.829152,0.7805,,,,54,2,48,1,1,,2146308,6815744,,,,,,1048576,1048576,,,,6,5,10,3
offscreen-512-transparent-overlap-static-bgfx-opengl-sorted_layers,512,offscreen,transparent-overlap,static,bgfx-opengl,sorted_layers,40,40,1.65936,0.001112,0.00016,0.50784,0.0333,0.33616,0.1381,,,,1.276821,1.242,,,,207,2,49,1,1,,2146308,15728640,,,,,,1048576,1048576,,,,6,5,15,6
offscreen-512-transparent-overlap-static-bgfx-vulkan-object,512,offscreen,transparent-overlap,static,bgfx-vulkan,object,40,40,0.824359,0.000666,5e-05,0.17204,0.05806,0.10516,,,,,0.634791,0.2075,,,,50,2,48,1,1,146665472,2146308,3145728,,,,,,1048576,1048576,,,,5,5,7,2
offscreen-512-transparent-overlap-static-bgfx-vulkan-weighted_oit,512,offscreen,transparent-overlap,static,bgfx-vulkan,weighted_oit,40,40,1.281365,0.001438,4e-05,0.44304,0.06444,0.26466,0.09466,,,,1.009644,0.2975,,,,54,2,48,1,1,156110848,2146308,6815744,,,,,,1048576,1048576,,,,5,5,10,3
offscreen-512-transparent-overlap-static-bgfx-vulkan-sorted_layers,512,offscreen,transparent-overlap,static,bgfx-vulkan,sorted_layers,40,40,2.798795,0.001734,0.000171,1.20248,0.06236,0.79506,0.3001,,,,2.274803,0.582,,,,207,2,49,1,1,165822464,2146308,15728640,,,,,,1048576,1048576,,,,5,5,15,6
offscreen-512-transparent-overlap-static-wgpu-vulkan-object,512,offscreen,transparent-overlap,static,wgpu-vulkan,object,40,40,1.21553,0.001192,0.000131,,,,,,0.16474,0.05794,,,1.067883,0.41117,0.442218,,,,,,,,,20776,0,0,0,2097152,,,1048576,0,1048576,49,49,0,
offscreen-512-transparent-overlap-static-wgpu-vulkan-sorted_layers,512,offscreen,transparent-overlap,static,wgpu-vulkan,sorted_layers,40,40,6.77836,0.002975,0.000366,,,,,,1.54695,0.05444,,,6.582513,3.350334,2.75187,,,,,,,,,20776,0,0,0,2097152,,,1048576,0,1048576,49,49,0,
offscreen-512-transparent-overlap-dynamic-bgfx-opengl-object,512,offscreen,transparent-overlap,dynamic,bgfx-opengl,object,40,40,0.864504,0.000801,0.005045,0.12986,0.03442,0.09404,,,,,0.573758,0.5405,,,,50,2,48,1,1,,2146308,3145728,,,,,,1048576,1048576,,,,6,5,7,2
offscreen-512-transparent-overlap-dynamic-bgfx-opengl-weighted_oit,512,offscreen,transparent-overlap,dynamic,bgfx-opengl,weighted_oit,40,40,1.183195,0.001062,0.007664,0.2974,0.0334,0.16464,0.09952,,,,0.803009,0.762,,,,54,2,48,1,1,,2146308,6815744,,,,,,1048576,1048576,,,,6,5,10,3
offscreen-512-transparent-overlap-dynamic-bgfx-opengl-sorted_layers,512,offscreen,transparent-overlap,dynamic,bgfx-opengl,sorted_layers,40,40,1.77548,0.001347,0.010885,0.50276,0.0336,0.32972,0.13582,,,,1.275008,1.233,,,,207,2,49,1,1,,2146308,15728640,,,,,,1048576,1048576,,,,6,5,15,6
offscreen-512-transparent-overlap-dynamic-bgfx-vulkan-object,512,offscreen,transparent-overlap,dynamic,bgfx-vulkan,object,40,40,1.11195,0.001002,0.007293,0.17902,0.05984,0.10514,,,,,0.755235,0.3825,,,,50,2,48,1,1,146665472,2146308,3145728,,,,,,1048576,1048576,,,,5,5,7,2
offscreen-512-transparent-overlap-dynamic-bgfx-vulkan-weighted_oit,512,offscreen,transparent-overlap,dynamic,bgfx-vulkan,weighted_oit,40,40,1.404035,0.001042,0.007018,0.42184,0.05874,0.25566,0.08962,,,,1.02637,0.4145,,,,54,2,48,1,1,156110848,2146308,6815744,,,,,,1048576,1048576,,,,5,5,10,3
offscreen-512-transparent-overlap-dynamic-bgfx-vulkan-sorted_layers,512,offscreen,transparent-overlap,dynamic,bgfx-vulkan,sorted_layers,40,40,2.475255,0.001152,0.007895,1.1402,0.05654,0.7565,0.28554,,,,1.929085,0.5905,,,,207,2,49,1,1,165822464,2146308,15728640,,,,,,1048576,1048576,,,,5,5,15,6
offscreen-512-transparent-overlap-dynamic-wgpu-vulkan-object,512,offscreen,transparent-overlap,dynamic,wgpu-vulkan,object,40,40,1.21327,0.000877,0.014162,,,,,,0.16212,0.05652,,,1.048786,0.428087,0.430806,,,,,,,,,20776,0,0,0,2097152,,,1048576,0,1048576,49,49,0,
offscreen-512-transparent-overlap-dynamic-wgpu-vulkan-sorted_layers,512,offscreen,transparent-overlap,dynamic,wgpu-vulkan,sorted_layers,40,40,6.85818,0.00259,0.082594,,,,,,1.47233,0.05528,,,6.635878,3.611536,2.686859,,,,,,,,,20776,0,0,0,2097152,,,1048576,0,1048576,49,49,0,
window-1024-opaque-interleaved-static-bgfx-opengl-object,1024,window,opaque-interleaved,static,bgfx-opengl,object,40,40,0.526224,0.000636,7e-05,0.32424,,,,,,,0.0,0.224,,,,37,1,36,1,1,,49156,0,,,,,,0,0,,,,5,4,2,1
window-1024-opaque-interleaved-static-bgfx-vulkan-object,1024,window,opaque-interleaved,static,bgfx-vulkan,object,40,40,0.444292,0.000501,3e-05,0.17024,0.16084,,,,,,0.0,0.1545,,,,37,1,36,1,1,158388224,49156,0,,,,,,0,0,,,,4,4,2,1
window-1024-opaque-interleaved-static-wgpu-vulkan-object,1024,window,opaque-interleaved,static,wgpu-vulkan,object,40,0,0.581317,0.000917,6.5e-05,,,,,,,,,,0.529265,0.357495,,,,,,,,,,0,0,0,0,4194304,,,0,0,0,0,0,0,
window-1024-transparent-overlap-static-bgfx-opengl-object,1024,window,transparent-overlap,static,bgfx-opengl,object,40,40,1.16778,0.000797,4e-05,0.93994,,,,,,,0.0,0.2565,,,,50,2,49,1,1,,49156,0,,,,,,0,0,,,,5,4,2,1
window-1024-transparent-overlap-static-bgfx-vulkan-object,1024,window,transparent-overlap,static,bgfx-vulkan,object,40,40,1.0615,0.000541,6e-05,0.75542,0.19744,0.55054,,,,,0.0,0.74,,,,50,2,49,1,1,158388224,49156,0,,,,,,0,0,,,,4,4,2,1
window-1024-transparent-overlap-static-wgpu-vulkan-object,1024,window,transparent-overlap,static,wgpu-vulkan,object,40,0,0.636991,0.000791,9e-05,,,,,,,,,,0.582514,0.425878,,,,,,,,,,20776,0,0,0,4194304,,,0,0,0,49,49,0,
offscreen-1024-opaque-interleaved-static-bgfx-opengl-object,1024,offscreen,opaque-interleaved,static,bgfx-opengl,object,40,40,3.903975,0.004543,0.000426,0.783975,0.782575,,,,,,2.285197,2.227,,,,37,1,36,1,1,,8437764,12582912,,,,,,4194304,4194304,,,,6,5,7,2
offscreen-1024-opaque-interleaved-static-bgfx-vulkan-object,1024,offscreen,opaque-interleaved,static,bgfx-vulkan,object,40,40,4.07488,0.003156,0.000366,0.882435,0.88943,,,,,,2.588642,1.9425,,,,37,1,36,1,1,162533376,8437764,12582912,,,,,,4194304,4194304,,,,5,5,7,2
offscreen-1024-opaque-interleaved-static-wgpu-vulkan-object,1024,offscreen,opaque-interleaved,static,wgpu-vulkan,object,40,40,3.510375,0.002144,0.000321,,,,,,0.45998,0.1564,,,3.318745,0.341561,1.202062,,,,,,,,,0,0,0,0,8388608,,,4194304,0,4194304,0,0,0,
offscreen-1024-transparent-overlap-static-bgfx-opengl-object,1024,offscreen,transparent-overlap,static,bgfx-opengl,object,40,40,4.108815,0.003366,0.000326,1.07871,0.28786,0.79567,,,,,2.48298,2.4245,,,,50,2,48,1,1,,8437764,12582912,,,,,,4194304,4194304,,,,6,5,7,2
offscreen-1024-transparent-overlap-static-bgfx-vulkan-object,1024,offscreen,transparent-overlap,static,bgfx-vulkan,object,40,40,4.55061,0.003992,0.000415,1.1125,0.2949,0.785845,,,,,2.992223,1.938,,,,50,2,48,1,1,162533376,8437764,12582912,,,,,,4194304,4194304,,,,5,5,7,2
offscreen-1024-transparent-overlap-static-wgpu-vulkan-object,1024,offscreen,transparent-overlap,static,wgpu-vulkan,object,40,40,3.854855,0.003041,0.000336,,,,,,0.416835,0.16402,,,3.599623,0.543857,1.213808,,,,,,,,,20776,0,0,0,8388608,,,4194304,0,4194304,49,49,0,
